20,Upload blob,404,Not Found,false,118
4,Get blob,400,Bad Request,false,1263
8,Get metadata,405,Method Not Allowed,false,200
6,Get metadata list,404,Not Found,false,118
4,Delete blob,405,Method Not Allowed,false,1352
832,Upload blob,404,Not Found,false,118
5,Get blob,400,Bad Request,false,1263
8,Get metadata,405,Method Not Allowed,false,200
16,Get metadata list,404,Not Found,false,118
5,Delete blob,405,Method Not Allowed,false,1352
461,Upload blob,404,Not Found,false,118
6,Get blob,400,Bad Request,false,1263
12,Get metadata,405,Method Not Allowed,false,200
21,Get metadata list,404,Not Found,false,118
5,Delete blob,405,Method Not Allowed,false,1352
39,Upload blob,404,Not Found,false,118
4,Get blob,400,Bad Request,false,1263
6,Get metadata,405,Method Not Allowed,false,200
6,Get metadata list,404,Not Found,false,118
5,Delete blob,405,Method Not Allowed,false,1352
11,Upload blob,404,Not Found,false,118
4,Get blob,400,Bad Request,false,1263
9,Get metadata,405,Method Not Allowed,false,200
6,Get metadata list,404,Not Found,false,118
6,Delete blob,405,Method Not Allowed,false,1352
347,Upload blob,404,Not Found,false,118
32,Get blob,400,Bad Request,false,1263
9,Get metadata,405,Method Not Allowed,false,200
8,Get metadata list,404,Not Found,false,118
5,Delete blob,405,Method Not Allowed,false,1352
1438,Upload blob,404,Not Found,false,118
4,Get blob,400,Bad Request,false,1263
8,Get metadata,405,Method Not Allowed,false,200
6,Get metadata list,404,Not Found,false,118
5,Delete blob,405,Method Not Allowed,false,1352
1244,Upload blob,404,Not Found,false,118
5,Get blob,400,Bad Request,false,1263
9,Get metadata,405,Method Not Allowed,false,200
7,Get metadata list,404,Not Found,false,118
5,Delete blob,405,Method Not Allowed,false,1352
799,Upload blob,404,Not Found,false,118
5,Get blob,400,Bad Request,false,1263
26,Get metadata,405,Method Not Allowed,false,200
6,Get metadata list,404,Not Found,false,118
5,Delete blob,405,Method Not Allowed,false,1352
10,Upload blob,404,Not Found,false,118
4,Get blob,400,Bad Request,false,1263
7,Get metadata,405,Method Not Allowed,false,200
6,Get metadata list,404,Not Found,false,118
5,Delete blob,405,Method Not Allowed,false,1352
1444230991130,25942,Upload blob,Non HTTP response code: java.net.ConnectException,Non HTTP response message: Operation timed out,Users 1-1,text,false,1789,1,1,0
1444231092739,451,Upload blob,404,Not Found,Users 1-1,text,false,1592,1,1,451
1444231093195,3,Get blob,404,Not Found,Users 1-1,text,false,1605,1,1,3
1444231093203,3,Get metadata,404,Not Found,Users 1-1,text,false,204,1,1,3
1444231093210,2,Get metadata list,404,Not Found,Users 1-1,text,false,1601,1,1,2
1444231093218,2,Delete blob,404,Not Found,Users 1-1,,false,107,1,1,2
1444231093226,8,Upload blob,404,Not Found,Users 1-1,text,false,1592,1,1,8
1444231093242,2,Get blob,404,Not Found,Users 1-1,text,false,1605,1,1,2
1444231093257,2,Get metadata,404,Not Found,Users 1-1,text,false,204,1,1,2
1444231093265,3,Get metadata list,404,Not Found,Users 1-1,text,false,1601,1,1,3
1444231093280,3,Delete blob,404,Not Found,Users 1-1,,false,107,1,1,3
1444231093288,4,Upload blob,404,Not Found,Users 1-1,text,false,1592,1,1,4
1444231093299,2,Get blob,404,Not Found,Users 1-1,text,false,1605,1,1,2
1444231093307,3,Get metadata,404,Not Found,Users 1-1,text,false,204,1,1,3
1444231093317,3,Get metadata list,404,Not Found,Users 1-1,text,false,1601,1,1,3
1444231093326,2,Delete blob,404,Not Found,Users 1-1,,false,107,1,1,2
1444231093337,3,Upload blob,404,Not Found,Users 1-1,text,false,1592,1,1,3
1444231093348,3,Get blob,404,Not Found,Users 1-1,text,false,1605,1,1,3
1444231093358,3,Get metadata,404,Not Found,Users 1-1,text,false,204,1,1,3
1444231093369,4,Get metadata list,404,Not Found,Users 1-1,text,false,1601,1,1,4
1444231093381,2,Delete blob,404,Not Found,Users 1-1,,false,107,1,1,2
1444231093389,4,Upload blob,404,Not Found,Users 1-1,text,false,1592,1,1,4
1444231093400,3,Get blob,404,Not Found,Users 1-1,text,false,1605,1,1,3
1444231093408,3,Get metadata,404,Not Found,Users 1-1,text,false,204,1,1,3
1444231093418,4,Get metadata list,404,Not Found,Users 1-1,text,false,1601,1,1,4
1444231093427,3,Delete blob,404,Not Found,Users 1-1,,false,107,1,1,3
1444290001795,6,Upload blob,404,Not Found,Users 1-1,text,false,1592,1,1,6
1444290001851,2,Get blob,404,Not Found,Users 1-1,text,false,1605,1,1,2
1444290001854,2,Get metadata,404,Not Found,Users 1-1,text,false,204,1,1,2
1444290001859,2,Get metadata list,404,Not Found,Users 1-1,text,false,1601,1,1,2
1444290001863,2,Delete blob,404,Not Found,Users 1-1,,false,107,1,1,2
1444290001868,10,Upload blob,404,Not Found,Users 1-1,text,false,1592,1,1,10
1444290001879,3,Get blob,404,Not Found,Users 1-1,text,false,1605,1,1,3
1444290001884,3,Get metadata,404,Not Found,Users 1-1,text,false,204,1,1,3
1444290001890,3,Get metadata list,404,Not Found,Users 1-1,text,false,1601,1,1,3
1444290001895,3,Delete blob,404,Not Found,Users 1-1,,false,107,1,1,3
1444290001901,4,Upload blob,404,Not Found,Users 1-1,text,false,1592,1,1,4
1444290001907,3,Get blob,404,Not Found,Users 1-1,text,false,1605,1,1,3
1444290001914,2,Get metadata,404,Not Found,Users 1-1,text,false,204,1,1,2
1444290001920,2,Get metadata list,404,Not Found,Users 1-1,text,false,1601,1,1,2
1444290001925,2,Delete blob,404,Not Found,Users 1-1,,false,107,1,1,2
1444290001930,4,Upload blob,404,Not Found,Users 1-1,text,false,1592,1,1,4
1444290001937,2,Get blob,404,Not Found,Users 1-1,text,false,1605,1,1,2
1444290001941,3,Get metadata,404,Not Found,Users 1-1,text,false,204,1,1,3
1444290001947,3,Get metadata list,404,Not Found,Users 1-1,text,false,1601,1,1,3
1444290001953,2,Delete blob,404,Not Found,Users 1-1,,false,107,1,1,2
1444290001958,3,Upload blob,404,Not Found,Users 1-1,text,false,1592,1,1,3
1444290001965,2,Get blob,404,Not Found,Users 1-1,text,false,1605,1,1,2
1444290001971,3,Get metadata,404,Not Found,Users 1-1,text,false,204,1,1,3
1444290001977,3,Get metadata list,404,Not Found,Users 1-1,text,false,1601,1,1,3
1444290001984,3,Delete blob,404,Not Found,Users 1-1,,false,107,1,1,3
